Main_FPI,Related_FPI,Score,Direction,Necessity,Context_Usage,Extracted_Context_From_Related_FPI,Why_It_Is_Needed_For_Testcase_Generation,Confidence,Evidence
SRS Export/SRS Export/SRS_HMI Software/VFI-F164_Energy_Manettino/,SRS Export/SRS Export/SRS_Audio/2xA2B_Audio_Layout/,-1,Upstream,Low,Constraint,Optional system power consumption,Feature may contribute to overall energy consumption shown in Energy Manettino,Probable,Minor energy consumer
SRS Export/SRS Export/SRS_HMI Software/VFI-F164_Energy_Manettino/,SRS Export/SRS Export/SRS_Audio/A2B_Audio_Layout/,-1,Upstream,Low,Constraint,Optional system power consumption,Feature may contribute to overall energy consumption shown in Energy Manettino,Probable,Minor energy consumer
SRS Export/SRS Export/SRS_HMI Software/VFI-F164_Energy_Manettino/,SRS Export/SRS Export/SRS_Audio/AUD-0_Audio_System_Introduction/,-1,Upstream,Low,Constraint,Optional system power consumption,Feature may contribute to overall energy consumption shown in Energy Manettino,Probable,Minor energy consumer
SRS Export/SRS Export/SRS_HMI Software/VFI-F164_Energy_Manettino/,SRS Export/SRS Export/SRS_Audio/AUD-1_Audio_System_State_Machine/,-1,Upstream,Low,Constraint,Optional system power consumption,Feature may contribute to overall energy consumption shown in Energy Manettino,Probable,Minor energy consumer
SRS Export/SRS Export/SRS_HMI Software/VFI-F164_Energy_Manettino/,SRS Export/SRS Export/SRS_Audio/Audio_&_Sound_processing/,-1,Upstream,Low,Constraint,Optional system power consumption,Feature may contribute to overall energy consumption shown in Energy Manettino,Probable,Minor energy consumer
SRS Export/SRS Export/SRS_HMI Software/VFI-F164_Energy_Manettino/,SRS Export/SRS Export/SRS_Audio/Audio_Components/,-1,Upstream,Low,Constraint,Optional system power consumption,Feature may contribute to overall energy consumption shown in Energy Manettino,Probable,Minor energy consumer
SRS Export/SRS Export/SRS_HMI Software/VFI-F164_Energy_Manettino/,SRS Export/SRS Export/SRS_Audio/Audio_Layout/,-1,Upstream,Low,Constraint,Optional system power consumption,Feature may contribute to overall energy consumption shown in Energy Manettino,Probable,Minor energy consumer
SRS Export/SRS Export/SRS_HMI Software/VFI-F164_Energy_Manettino/,SRS Export/SRS Export/SRS_Audio/Base_Audio_Layout_(nice_to_have)/,-1,Upstream,Low,Constraint,Optional system power consumption,Feature may contribute to overall energy consumption shown in Energy Manettino,Probable,Minor energy consumer
SRS Export/SRS Export/SRS_HMI Software/VFI-F164_Energy_Manettino/,SRS Export/SRS Export/SRS_Audio/Early_Audio_Requirements/,-1,Upstream,Low,Constraint,Optional system power consumption,Feature may contribute to overall energy consumption shown in Energy Manettino,Probable,Minor energy consumer
SRS Export/SRS Export/SRS_HMI Software/VFI-F164_Energy_Manettino/,SRS Export/SRS Export/SRS_Audio/FAD-0_Audio_Source_Definition_&_ChannelÂ Allocation_Audio_Streams/,-1,Upstream,Low,Constraint,Optional system power consumption,Feature may contribute to overall energy consumption shown in Energy Manettino,Probable,Minor energy consumer
SRS Export/SRS Export/SRS_HMI Software/VFI-F164_Energy_Manettino/,SRS Export/SRS Export/SRS_Audio/FAD-0_Ferrari_Audio_Director_Introduction/,-1,Upstream,Low,Constraint,Optional system power consumption,Feature may contribute to overall energy consumption shown in Energy Manettino,Probable,Minor energy consumer
SRS Export/SRS Export/SRS_HMI Software/VFI-F164_Energy_Manettino/,SRS Export/SRS Export/SRS_Audio/FAD-0__Audio_Source_Definition_&_ChannelÂ Allocation_Audio_Streams/,-1,Upstream,Low,Constraint,Optional system power consumption,Feature may contribute to overall energy consumption shown in Energy Manettino,Probable,Minor energy consumer
SRS Export/SRS Export/SRS_HMI Software/VFI-F164_Energy_Manettino/,SRS Export/SRS Export/SRS_Audio/FAD-0_Â Audio_Channels_Definition/,-1,Upstream,Low,Constraint,Optional system power consumption,Feature may contribute to overall energy consumption shown in Energy Manettino,Probable,Minor energy consumer
SRS Export/SRS Export/SRS_HMI Software/VFI-F164_Energy_Manettino/,SRS Export/SRS Export/SRS_Audio/FAD-0_Â Audio_Source_Definition_&Â Channels_Allocation/,-1,Upstream,Low,Constraint,Optional system power consumption,Feature may contribute to overall energy consumption shown in Energy Manettino,Probable,Minor energy consumer
SRS Export/SRS Export/SRS_HMI Software/VFI-F164_Energy_Manettino/,SRS Export/SRS Export/SRS_Audio/FAD-0_Â Audio_Stream_Interfaces/,-1,Upstream,Low,Constraint,Optional system power consumption,Feature may contribute to overall energy consumption shown in Energy Manettino,Probable,Minor energy consumer
SRS Export/SRS Export/SRS_HMI Software/VFI-F164_Energy_Manettino/,SRS Export/SRS Export/SRS_Audio/FAD-0Â Audio_Channels_Definition/,-1,Upstream,Low,Constraint,Optional system power consumption,Feature may contribute to overall energy consumption shown in Energy Manettino,Probable,Minor energy consumer
SRS Export/SRS Export/SRS_HMI Software/VFI-F164_Energy_Manettino/,SRS Export/SRS Export/SRS_Audio/FAD-0Â Audio_Source_Definition_&Â Channels_Allocation/,-1,Upstream,Low,Constraint,Optional system power consumption,Feature may contribute to overall energy consumption shown in Energy Manettino,Probable,Minor energy consumer
SRS Export/SRS Export/SRS_HMI Software/VFI-F164_Energy_Manettino/,SRS Export/SRS Export/SRS_Audio/FAD-0Â Audio_Stream_Interfaces/,-1,Upstream,Low,Constraint,Optional system power consumption,Feature may contribute to overall energy consumption shown in Energy Manettino,Probable,Minor energy consumer
SRS Export/SRS Export/SRS_HMI Software/VFI-F164_Energy_Manettino/,SRS Export/SRS Export/SRS_Audio/FAD-1_Audio_Channels_Interaction/,-1,Upstream,Low,Constraint,Optional system power consumption,Feature may contribute to overall energy consumption shown in Energy Manettino,Probable,Minor energy consumer
SRS Export/SRS Export/SRS_HMI Software/VFI-F164_Energy_Manettino/,SRS Export/SRS Export/SRS_Audio/FAD-2_Audio_Channels_Control/,-1,Upstream,Low,Constraint,Optional system power consumption,Feature may contribute to overall energy consumption shown in Energy Manettino,Probable,Minor energy consumer
SRS Export/SRS Export/SRS_HMI Software/VFI-F164_Energy_Manettino/,SRS Export/SRS Export/SRS_Audio/FAD-2_Audio_Channels_Control_-_Min_Switch-On_Volume/,-1,Upstream,Low,Constraint,Optional system power consumption,Feature may contribute to overall energy consumption shown in Energy Manettino,Probable,Minor energy consumer
SRS Export/SRS Export/SRS_HMI Software/VFI-F164_Energy_Manettino/,SRS Export/SRS Export/SRS_Audio/FAD-7_Flat_Audio_Calibration/,-1,Upstream,Low,Constraint,Optional system power consumption,Feature may contribute to overall energy consumption shown in Energy Manettino,Probable,Minor energy consumer
SRS Export/SRS Export/SRS_HMI Software/VFI-F164_Energy_Manettino/,SRS Export/SRS Export/SRS_Audio/Hybrid_Audio_Layout_(nice_to_have)/,-1,Upstream,Low,Constraint,Optional system power consumption,Feature may contribute to overall energy consumption shown in Energy Manettino,Probable,Minor energy consumer
SRS Export/SRS Export/SRS_HMI Software/VFI-F164_Energy_Manettino/,SRS Export/SRS Export/SRS_Audio/IOCÂ Audio_System_State_Machine/,-1,Upstream,Low,Constraint,Optional system power consumption,Feature may contribute to overall energy consumption shown in Energy Manettino,Probable,Minor energy consumer
SRS Export/SRS Export/SRS_HMI Software/VFI-F164_Energy_Manettino/,SRS Export/SRS Export/SRS_Audio/Media_Sources/,-1,Upstream,Low,Constraint,Optional system power consumption,Feature may contribute to overall energy consumption shown in Energy Manettino,Probable,Minor energy consumer
SRS Export/SRS Export/SRS_HMI Software/VFI-F164_Energy_Manettino/,SRS Export/SRS Export/SRS_Audio/Navigation_and_Traffic_announcement_Sources/,-1,Upstream,Low,Constraint,Optional system power consumption,Feature may contribute to overall energy consumption shown in Energy Manettino,Probable,Minor energy consumer
SRS Export/SRS Export/SRS_HMI Software/VFI-F164_Energy_Manettino/,SRS Export/SRS Export/SRS_Connectivity/Bluetooth_chipset(controller)_requirements/,-1,Upstream,Low,Constraint,Optional system power consumption,Feature may contribute to overall energy consumption shown in Energy Manettino,Probable,Minor energy consumer
SRS Export/SRS Export/SRS_HMI Software/VFI-F164_Energy_Manettino/,SRS Export/SRS Export/SRS_Connectivity/Bluetooth_Core/,-1,Upstream,Low,Constraint,Optional system power consumption,Feature may contribute to overall energy consumption shown in Energy Manettino,Probable,Minor energy consumer
SRS Export/SRS Export/SRS_HMI Software/VFI-F164_Energy_Manettino/,SRS Export/SRS Export/SRS_Connectivity/Bluetooth_Link_Control/,-1,Upstream,Low,Constraint,Optional system power consumption,Feature may contribute to overall energy consumption shown in Energy Manettino,Probable,Minor energy consumer
SRS Export/SRS Export/SRS_HMI Software/VFI-F164_Energy_Manettino/,SRS Export/SRS Export/SRS_Connectivity/General_Apple_device_connectivity/,-1,Upstream,Low,Constraint,Optional system power consumption,Feature may contribute to overall energy consumption shown in Energy Manettino,Probable,Minor energy consumer
SRS Export/SRS Export/SRS_HMI Software/VFI-F164_Energy_Manettino/,SRS Export/SRS Export/SRS_Connectivity/PHN-5_Bluetooth_Device_Information/,-1,Upstream,Low,Constraint,Optional system power consumption,Feature may contribute to overall energy consumption shown in Energy Manettino,Probable,Minor energy consumer
SRS Export/SRS Export/SRS_HMI Software/VFI-F164_Energy_Manettino/,SRS Export/SRS Export/SRS_Connectivity/WiFi_Certification/,-1,Upstream,Low,Constraint,Optional system power consumption,Feature may contribute to overall energy consumption shown in Energy Manettino,Probable,Minor energy consumer
SRS Export/SRS Export/SRS_HMI Software/VFI-F164_Energy_Manettino/,SRS Export/SRS Export/SRS_Diagnostics/Bluetooth_Devices/,-1,Upstream,Low,Constraint,Optional system power consumption,Feature may contribute to overall energy consumption shown in Energy Manettino,Probable,Minor energy consumer
SRS Export/SRS Export/SRS_HMI Software/VFI-F164_Energy_Manettino/,SRS Export/SRS Export/SRS_Diagnostics/Bluetooth_MAC-address_(Bluetooth_Device_Adress)/,-1,Upstream,Low,Constraint,Optional system power consumption,Feature may contribute to overall energy consumption shown in Energy Manettino,Probable,Minor energy consumer
SRS Export/SRS Export/SRS_HMI Software/VFI-F164_Energy_Manettino/,SRS Export/SRS Export/SRS_Diagnostics/Calibrazione_GPS/,-1,Upstream,Low,Constraint,Optional system power consumption,Feature may contribute to overall energy consumption shown in Energy Manettino,Probable,Minor energy consumer
SRS Export/SRS Export/SRS_HMI Software/VFI-F164_Energy_Manettino/,SRS Export/SRS Export/SRS_Diagnostics/Connected_Bluetooth_Devices/,-1,Upstream,Low,Constraint,Optional system power consumption,Feature may contribute to overall energy consumption shown in Energy Manettino,Probable,Minor energy consumer
SRS Export/SRS Export/SRS_HMI Software/VFI-F164_Energy_Manettino/,SRS Export/SRS Export/SRS_Diagnostics/Connected_Bluetooth_device_1/,-1,Upstream,Low,Constraint,Optional system power consumption,Feature may contribute to overall energy consumption shown in Energy Manettino,Probable,Minor energy consumer
SRS Export/SRS Export/SRS_HMI Software/VFI-F164_Energy_Manettino/,SRS Export/SRS Export/SRS_Diagnostics/Coupled_Bluetooth_Devices/,-1,Upstream,Low,Constraint,Optional system power consumption,Feature may contribute to overall energy consumption shown in Energy Manettino,Probable,Minor energy consumer
SRS Export/SRS Export/SRS_HMI Software/VFI-F164_Energy_Manettino/,SRS Export/SRS Export/SRS_Diagnostics/Flat_Audio_Calibration_($0529)/,-1,Upstream,Low,Constraint,Optional system power consumption,Feature may contribute to overall energy consumption shown in Energy Manettino,Probable,Minor energy consumer
SRS Export/SRS Export/SRS_HMI Software/VFI-F164_Energy_Manettino/,SRS Export/SRS Export/SRS_Diagnostics/Flat_Audio_Calibration_(0xD85054)/,-1,Upstream,Low,Constraint,Optional system power consumption,Feature may contribute to overall energy consumption shown in Energy Manettino,Probable,Minor energy consumer
SRS Export/SRS Export/SRS_HMI Software/VFI-F164_Energy_Manettino/,SRS Export/SRS Export/SRS_Diagnostics/Front_Camera_-_Date_of_production_($FE63)/,-1,Upstream,Low,Constraint,Optional system power consumption,Feature may contribute to overall energy consumption shown in Energy Manettino,Probable,Minor energy consumer
SRS Export/SRS Export/SRS_HMI Software/VFI-F164_Energy_Manettino/,SRS Export/SRS Export/SRS_Diagnostics/Front_Camera_-_HW_Version_($TBD)/,-1,Upstream,Low,Constraint,Optional system power consumption,Feature may contribute to overall energy consumption shown in Energy Manettino,Probable,Minor energy consumer
SRS Export/SRS Export/SRS_HMI Software/VFI-F164_Energy_Manettino/,SRS Export/SRS Export/SRS_Diagnostics/Front_Camera_-_Image_Delay_(0x910332)/,-1,Upstream,Low,Constraint,Optional system power consumption,Feature may contribute to overall energy consumption shown in Energy Manettino,Probable,Minor energy consumer
SRS Export/SRS Export/SRS_HMI Software/VFI-F164_Energy_Manettino/,SRS Export/SRS Export/SRS_Diagnostics/Front_Camera_-_Image_Freeze_(0x91032A)/,-1,Upstream,Low,Constraint,Optional system power consumption,Feature may contribute to overall energy consumption shown in Energy Manettino,Probable,Minor energy consumer
SRS Export/SRS Export/SRS_HMI Software/VFI-F164_Energy_Manettino/,SRS Export/SRS Export/SRS_Diagnostics/Front_Camera_-_Image_Out_of_Order_(0x910328)/,-1,Upstream,Low,Constraint,Optional system power consumption,Feature may contribute to overall energy consumption shown in Energy Manettino,Probable,Minor energy consumer
SRS Export/SRS Export/SRS_HMI Software/VFI-F164_Energy_Manettino/,SRS Export/SRS Export/SRS_Diagnostics/Front_Camera_-_Internal_Temperature_($FE65)/,-1,Upstream,Low,Constraint,Optional system power consumption,Feature may contribute to overall energy consumption shown in Energy Manettino,Probable,Minor energy consumer
SRS Export/SRS Export/SRS_HMI Software/VFI-F164_Energy_Manettino/,SRS Export/SRS Export/SRS_Diagnostics/Front_Camera_-_Intrinsics_parameters_($FE64)/,-1,Upstream,Low,Constraint,Optional system power consumption,Feature may contribute to overall energy consumption shown in Energy Manettino,Probable,Minor energy consumer
SRS Export/SRS Export/SRS_HMI Software/VFI-F164_Energy_Manettino/,"SRS Export/SRS Export/SRS_Diagnostics/Front_Camera_-_No_Stream_(0x9103,_0x06)/",-1,Upstream,Low,Constraint,Optional system power consumption,Feature may contribute to overall energy consumption shown in Energy Manettino,Probable,Minor energy consumer
SRS Export/SRS Export/SRS_HMI Software/VFI-F164_Energy_Manettino/,"SRS Export/SRS Export/SRS_Diagnostics/Front_Camera_-_Over_Temperature_(0x9103,_0x98)/",-1,Upstream,Low,Constraint,Optional system power consumption,Feature may contribute to overall energy consumption shown in Energy Manettino,Probable,Minor energy consumer
SRS Export/SRS Export/SRS_HMI Software/VFI-F164_Energy_Manettino/,"SRS Export/SRS Export/SRS_Diagnostics/Front_Camera_-_Over_Voltage_(0x9103,_0x17)/",-1,Upstream,Low,Constraint,Optional system power consumption,Feature may contribute to overall energy consumption shown in Energy Manettino,Probable,Minor energy consumer
SRS Export/SRS Export/SRS_HMI Software/VFI-F164_Energy_Manettino/,SRS Export/SRS Export/SRS_Diagnostics/Front_Camera_-_Part_Number_($TBD)/,-1,Upstream,Low,Constraint,Optional system power consumption,Feature may contribute to overall energy consumption shown in Energy Manettino,Probable,Minor energy consumer
SRS Export/SRS Export/SRS_HMI Software/VFI-F164_Energy_Manettino/,"SRS Export/SRS Export/SRS_Diagnostics/Front_Camera_-_Power_Off_(0x9103,_0x31)/",-1,Upstream,Low,Constraint,Optional system power consumption,Feature may contribute to overall energy consumption shown in Energy Manettino,Probable,Minor energy consumer
SRS Export/SRS Export/SRS_HMI Software/VFI-F164_Energy_Manettino/,SRS Export/SRS Export/SRS_Diagnostics/Front_Camera_-_Serial_Number_($FE60)/,-1,Upstream,Low,Constraint,Optional system power consumption,Feature may contribute to overall energy consumption shown in Energy Manettino,Probable,Minor energy consumer
SRS Export/SRS Export/SRS_HMI Software/VFI-F164_Energy_Manettino/,"SRS Export/SRS Export/SRS_Diagnostics/Front_Camera_-Â Blinded_(0x9103,_0x86)/",-1,Upstream,Low,Constraint,Optional system power consumption,Feature may contribute to overall energy consumption shown in Energy Manettino,Probable,Minor energy consumer
SRS Export/SRS Export/SRS_HMI Software/VFI-F164_Energy_Manettino/,SRS Export/SRS Export/SRS_Diagnostics/GPS_-_Date_and_time/,-1,Upstream,Low,Constraint,Optional system power consumption,Feature may contribute to overall energy consumption shown in Energy Manettino,Probable,Minor energy consumer
SRS Export/SRS Export/SRS_HMI Software/VFI-F164_Energy_Manettino/,SRS Export/SRS Export/SRS_Diagnostics/GPS_-_Satellites_(SN)/,-1,Upstream,Low,Constraint,Optional system power consumption,Feature may contribute to overall energy consumption shown in Energy Manettino,Probable,Minor energy consumer
SRS Export/SRS Export/SRS_HMI Software/VFI-F164_Energy_Manettino/,SRS Export/SRS Export/SRS_Diagnostics/GPS_-Â Position/,-1,Upstream,Low,Constraint,Optional system power consumption,Feature may contribute to overall energy consumption shown in Energy Manettino,Probable,Minor energy consumer
SRS Export/SRS Export/SRS_HMI Software/VFI-F164_Energy_Manettino/,"SRS Export/SRS Export/SRS_Diagnostics/GPS_Antenna_Open_Circuit_(0x9022,_0x13)/",-1,Upstream,Low,Constraint,Optional system power consumption,Feature may contribute to overall energy consumption shown in Energy Manettino,Probable,Minor energy consumer
SRS Export/SRS Export/SRS_HMI Software/VFI-F164_Energy_Manettino/,"SRS Export/SRS Export/SRS_Diagnostics/GPS_Antenna_Short_to_Ground_(0x9022,_0x11)/",-1,Upstream,Low,Constraint,Optional system power consumption,Feature may contribute to overall energy consumption shown in Energy Manettino,Probable,Minor energy consumer
SRS Export/SRS Export/SRS_HMI Software/VFI-F164_Energy_Manettino/,"SRS Export/SRS Export/SRS_Diagnostics/GPS_Module_Internal_Error_(0x9043,_0x96)/",-1,Upstream,Low,Constraint,Optional system power consumption,Feature may contribute to overall energy consumption shown in Energy Manettino,Probable,Minor energy consumer
SRS Export/SRS Export/SRS_HMI Software/VFI-F164_Energy_Manettino/,SRS Export/SRS Export/SRS_Diagnostics/Invalid_Proxi_Audio_Level_(0xD85205)/,-1,Upstream,Low,Constraint,Optional system power consumption,Feature may contribute to overall energy consumption shown in Energy Manettino,Probable,Minor energy consumer
SRS Export/SRS Export/SRS_HMI Software/VFI-F164_Energy_Manettino/,SRS Export/SRS Export/SRS_Diagnostics/Last_coupled_Bluetooth-Telephone_(paired)/,-1,Upstream,Low,Constraint,Optional system power consumption,Feature may contribute to overall energy consumption shown in Energy Manettino,Probable,Minor energy consumer
SRS Export/SRS Export/SRS_HMI Software/VFI-F164_Energy_Manettino/,SRS Export/SRS Export/SRS_Diagnostics/Left_Camera_-_Date_of_production_($FE6F)/,-1,Upstream,Low,Constraint,Optional system power consumption,Feature may contribute to overall energy consumption shown in Energy Manettino,Probable,Minor energy consumer
SRS Export/SRS Export/SRS_HMI Software/VFI-F164_Energy_Manettino/,SRS Export/SRS Export/SRS_Diagnostics/Left_Camera_-_HW_Version_($TBD)/,-1,Upstream,Low,Constraint,Optional system power consumption,Feature may contribute to overall energy consumption shown in Energy Manettino,Probable,Minor energy consumer
SRS Export/SRS Export/SRS_HMI Software/VFI-F164_Energy_Manettino/,SRS Export/SRS Export/SRS_Diagnostics/Left_Camera_-_Image_Delay_(0x910532)/,-1,Upstream,Low,Constraint,Optional system power consumption,Feature may contribute to overall energy consumption shown in Energy Manettino,Probable,Minor energy consumer
SRS Export/SRS Export/SRS_HMI Software/VFI-F164_Energy_Manettino/,SRS Export/SRS Export/SRS_Diagnostics/Left_Camera_-_Image_Freeze_(0x91052A)/,-1,Upstream,Low,Constraint,Optional system power consumption,Feature may contribute to overall energy consumption shown in Energy Manettino,Probable,Minor energy consumer
SRS Export/SRS Export/SRS_HMI Software/VFI-F164_Energy_Manettino/,SRS Export/SRS Export/SRS_Diagnostics/Left_Camera_-_Image_Out_of_Order_(0x910528)/,-1,Upstream,Low,Constraint,Optional system power consumption,Feature may contribute to overall energy consumption shown in Energy Manettino,Probable,Minor energy consumer
SRS Export/SRS Export/SRS_HMI Software/VFI-F164_Energy_Manettino/,SRS Export/SRS Export/SRS_Diagnostics/Left_Camera_-_Internal_Temperature_($FE71)/,-1,Upstream,Low,Constraint,Optional system power consumption,Feature may contribute to overall energy consumption shown in Energy Manettino,Probable,Minor energy consumer
SRS Export/SRS Export/SRS_HMI Software/VFI-F164_Energy_Manettino/,SRS Export/SRS Export/SRS_Diagnostics/Left_Camera_-_Intrinsics_parameters_($FE70)/,-1,Upstream,Low,Constraint,Optional system power consumption,Feature may contribute to overall energy consumption shown in Energy Manettino,Probable,Minor energy consumer
SRS Export/SRS Export/SRS_HMI Software/VFI-F164_Energy_Manettino/,"SRS Export/SRS Export/SRS_Diagnostics/Left_Camera_-_No_Stream_(0x9105,_0x06)/",-1,Upstream,Low,Constraint,Optional system power consumption,Feature may contribute to overall energy consumption shown in Energy Manettino,Probable,Minor energy consumer
SRS Export/SRS Export/SRS_HMI Software/VFI-F164_Energy_Manettino/,"SRS Export/SRS Export/SRS_Diagnostics/Left_Camera_-_Over_Temperature_(0x9105,_0x98)/",-1,Upstream,Low,Constraint,Optional system power consumption,Feature may contribute to overall energy consumption shown in Energy Manettino,Probable,Minor energy consumer
SRS Export/SRS Export/SRS_HMI Software/VFI-F164_Energy_Manettino/,SRS Export/SRS Export/SRS_Diagnostics/Left_Camera_-_Part_Number_($TBD)/,-1,Upstream,Low,Constraint,Optional system power consumption,Feature may contribute to overall energy consumption shown in Energy Manettino,Probable,Minor energy consumer
SRS Export/SRS Export/SRS_HMI Software/VFI-F164_Energy_Manettino/,"SRS Export/SRS Export/SRS_Diagnostics/Left_Camera_-_Power_Off_(0x9105,_0x31)/",-1,Upstream,Low,Constraint,Optional system power consumption,Feature may contribute to overall energy consumption shown in Energy Manettino,Probable,Minor energy consumer
SRS Export/SRS Export/SRS_HMI Software/VFI-F164_Energy_Manettino/,SRS Export/SRS Export/SRS_Diagnostics/Left_Camera_-_Serial_Number_($FE6C)/,-1,Upstream,Low,Constraint,Optional system power consumption,Feature may contribute to overall energy consumption shown in Energy Manettino,Probable,Minor energy consumer
SRS Export/SRS Export/SRS_HMI Software/VFI-F164_Energy_Manettino/,"SRS Export/SRS Export/SRS_Diagnostics/Left_Camera_-Â Blinded_(0x9105,_0x86)/",-1,Upstream,Low,Constraint,Optional system power consumption,Feature may contribute to overall energy consumption shown in Energy Manettino,Probable,Minor energy consumer
SRS Export/SRS Export/SRS_HMI Software/VFI-F164_Energy_Manettino/,"SRS Export/SRS Export/SRS_Diagnostics/Left_Camera_-Â Over_Voltage_(0x9105,_0x17)/",-1,Upstream,Low,Constraint,Optional system power consumption,Feature may contribute to overall energy consumption shown in Energy Manettino,Probable,Minor energy consumer
SRS Export/SRS Export/SRS_HMI Software/VFI-F164_Energy_Manettino/,SRS Export/SRS Export/SRS_Diagnostics/MAXRADIOFAVORITES_($052C)/,-1,Upstream,Low,Constraint,Optional system power consumption,Feature may contribute to overall energy consumption shown in Energy Manettino,Probable,Minor energy consumer
SRS Export/SRS Export/SRS_HMI Software/VFI-F164_Energy_Manettino/,SRS Export/SRS Export/SRS_Diagnostics/Navigation_Database_-_Map_versions/,-1,Upstream,Low,Constraint,Optional system power consumption,Feature may contribute to overall energy consumption shown in Energy Manettino,Probable,Minor energy consumer
SRS Export/SRS Export/SRS_HMI Software/VFI-F164_Energy_Manettino/,SRS Export/SRS Export/SRS_Diagnostics/Navigation_Database_â€“_Active/,-1,Upstream,Low,Constraint,Optional system power consumption,Feature may contribute to overall energy consumption shown in Energy Manettino,Probable,Minor energy consumer
SRS Export/SRS Export/SRS_HMI Software/VFI-F164_Energy_Manettino/,"SRS Export/SRS Export/SRS_Diagnostics/NCL_-_Node_Absent_(0xD708,_0x87)_-_ClimateÂ Node/",-2,Upstream,High,Precondition; Setup,"HVAC power consumption, climate control status",Climate system significantly impacts energy consumption shown in Energy Manettino,Confirmed,Major energy consumer dependency
SRS Export/SRS Export/SRS_HMI Software/VFI-F164_Energy_Manettino/,"SRS Export/SRS Export/SRS_Diagnostics/NCL_-_Node_Faulty_(0xD708,_0x86)_-_ClimateÂ Node/",-2,Upstream,High,Precondition; Setup,"HVAC power consumption, climate control status",Climate system significantly impacts energy consumption shown in Energy Manettino,Confirmed,Major energy consumer dependency
SRS Export/SRS Export/SRS_HMI Software/VFI-F164_Energy_Manettino/,"SRS Export/SRS Export/SRS_Diagnostics/NSP_Node_Absent_(0xD718,_0x87)-_ParkingÂ SensorÂ Node/",-1,Upstream,Low,Constraint,Optional system power consumption,Feature may contribute to overall energy consumption shown in Energy Manettino,Probable,Minor energy consumer
SRS Export/SRS Export/SRS_HMI Software/VFI-F164_Energy_Manettino/,"SRS Export/SRS Export/SRS_Diagnostics/NSP_Node_Faulty_(0xD718,_0x86)-_ParkingÂ SensorÂ Node/",-1,Upstream,Low,Constraint,Optional system power consumption,Feature may contribute to overall energy consumption shown in Energy Manettino,Probable,Minor energy consumer
SRS Export/SRS Export/SRS_HMI Software/VFI-F164_Energy_Manettino/,SRS Export/SRS Export/SRS_Diagnostics/Parking_Cameras_Image_Acquisition_(0xFFA0)/,-1,Upstream,Low,Constraint,Optional system power consumption,Feature may contribute to overall energy consumption shown in Energy Manettino,Probable,Minor energy consumer
SRS Export/SRS Export/SRS_HMI Software/VFI-F164_Energy_Manettino/,"SRS Export/SRS Export/SRS_Diagnostics/Radio_Module_-_Node_Internal_error_(missing_communication_with_module)_(0x9047,_0x96)/",-1,Upstream,Low,Constraint,Optional system power consumption,Feature may contribute to overall energy consumption shown in Energy Manettino,Probable,Minor energy consumer
SRS Export/SRS Export/SRS_HMI Software/VFI-F164_Energy_Manettino/,SRS Export/SRS Export/SRS_Diagnostics/Radio_Source_Control_($5035)/,-1,Upstream,Low,Constraint,Optional system power consumption,Feature may contribute to overall energy consumption shown in Energy Manettino,Probable,Minor energy consumer
SRS Export/SRS Export/SRS_HMI Software/VFI-F164_Energy_Manettino/,SRS Export/SRS Export/SRS_Diagnostics/Rear_Camera_-_Date_of_production_($FE69)/,-1,Upstream,Low,Constraint,Optional system power consumption,Feature may contribute to overall energy consumption shown in Energy Manettino,Probable,Minor energy consumer
SRS Export/SRS Export/SRS_HMI Software/VFI-F164_Energy_Manettino/,SRS Export/SRS Export/SRS_Diagnostics/Rear_Camera_-_HW_Version_($TBD)/,-1,Upstream,Low,Constraint,Optional system power consumption,Feature may contribute to overall energy consumption shown in Energy Manettino,Probable,Minor energy consumer
SRS Export/SRS Export/SRS_HMI Software/VFI-F164_Energy_Manettino/,SRS Export/SRS Export/SRS_Diagnostics/Rear_Camera_-_Image_Delay_(0x910432)/,-1,Upstream,Low,Constraint,Optional system power consumption,Feature may contribute to overall energy consumption shown in Energy Manettino,Probable,Minor energy consumer
SRS Export/SRS Export/SRS_HMI Software/VFI-F164_Energy_Manettino/,SRS Export/SRS Export/SRS_Diagnostics/Rear_Camera_-_Image_Freeze_(0x91042A)/,-1,Upstream,Low,Constraint,Optional system power consumption,Feature may contribute to overall energy consumption shown in Energy Manettino,Probable,Minor energy consumer
SRS Export/SRS Export/SRS_HMI Software/VFI-F164_Energy_Manettino/,SRS Export/SRS Export/SRS_Diagnostics/Rear_Camera_-_Image_Out_of_Order_(0x910428)/,-1,Upstream,Low,Constraint,Optional system power consumption,Feature may contribute to overall energy consumption shown in Energy Manettino,Probable,Minor energy consumer
SRS Export/SRS Export/SRS_HMI Software/VFI-F164_Energy_Manettino/,SRS Export/SRS Export/SRS_Diagnostics/Rear_Camera_-_Internal_Temperature_($FE6B)/,-1,Upstream,Low,Constraint,Optional system power consumption,Feature may contribute to overall energy consumption shown in Energy Manettino,Probable,Minor energy consumer
SRS Export/SRS Export/SRS_HMI Software/VFI-F164_Energy_Manettino/,SRS Export/SRS Export/SRS_Diagnostics/Rear_Camera_-_Intrinsics_parameters_($FE6A)/,-1,Upstream,Low,Constraint,Optional system power consumption,Feature may contribute to overall energy consumption shown in Energy Manettino,Probable,Minor energy consumer
SRS Export/SRS Export/SRS_HMI Software/VFI-F164_Energy_Manettino/,"SRS Export/SRS Export/SRS_Diagnostics/Rear_Camera_-_No_Stream_(0x9104,_0x06/",-1,Upstream,Low,Constraint,Optional system power consumption,Feature may contribute to overall energy consumption shown in Energy Manettino,Probable,Minor energy consumer
SRS Export/SRS Export/SRS_HMI Software/VFI-F164_Energy_Manettino/,"SRS Export/SRS Export/SRS_Diagnostics/Rear_Camera_-_Over_Temperature_(0x9104,_0x98)/",-1,Upstream,Low,Constraint,Optional system power consumption,Feature may contribute to overall energy consumption shown in Energy Manettino,Probable,Minor energy consumer
SRS Export/SRS Export/SRS_HMI Software/VFI-F164_Energy_Manettino/,SRS Export/SRS Export/SRS_Diagnostics/Rear_Camera_-_Part_Number_($TBD)/,-1,Upstream,Low,Constraint,Optional system power consumption,Feature may contribute to overall energy consumption shown in Energy Manettino,Probable,Minor energy consumer
SRS Export/SRS Export/SRS_HMI Software/VFI-F164_Energy_Manettino/,"SRS Export/SRS Export/SRS_Diagnostics/Rear_Camera_-_Power_Off_(0x9104,_0x31)/",-1,Upstream,Low,Constraint,Optional system power consumption,Feature may contribute to overall energy consumption shown in Energy Manettino,Probable,Minor energy consumer
SRS Export/SRS Export/SRS_HMI Software/VFI-F164_Energy_Manettino/,SRS Export/SRS Export/SRS_Diagnostics/Rear_Camera_-_Serial_Number_($FE66)/,-1,Upstream,Low,Constraint,Optional system power consumption,Feature may contribute to overall energy consumption shown in Energy Manettino,Probable,Minor energy consumer
SRS Export/SRS Export/SRS_HMI Software/VFI-F164_Energy_Manettino/,"SRS Export/SRS Export/SRS_Diagnostics/Rear_Camera_-Â Blinded_(0x9104,_0x86)/",-1,Upstream,Low,Constraint,Optional system power consumption,Feature may contribute to overall energy consumption shown in Energy Manettino,Probable,Minor energy consumer
SRS Export/SRS Export/SRS_HMI Software/VFI-F164_Energy_Manettino/,"SRS Export/SRS Export/SRS_Diagnostics/Rear_Camera_-Â Over_Voltage_(0x9104,_0x17)/",-1,Upstream,Low,Constraint,Optional system power consumption,Feature may contribute to overall energy consumption shown in Energy Manettino,Probable,Minor energy consumer
SRS Export/SRS Export/SRS_HMI Software/VFI-F164_Energy_Manettino/,"SRS Export/SRS Export/SRS_Diagnostics/Right_Camera_-_Blinded_(0x9106,_0x86)/",-1,Upstream,Low,Constraint,Optional system power consumption,Feature may contribute to overall energy consumption shown in Energy Manettino,Probable,Minor energy consumer
SRS Export/SRS Export/SRS_HMI Software/VFI-F164_Energy_Manettino/,SRS Export/SRS Export/SRS_Diagnostics/Right_Camera_-_Date_of_production_($FE75)/,-1,Upstream,Low,Constraint,Optional system power consumption,Feature may contribute to overall energy consumption shown in Energy Manettino,Probable,Minor energy consumer
SRS Export/SRS Export/SRS_HMI Software/VFI-F164_Energy_Manettino/,SRS Export/SRS Export/SRS_Diagnostics/Right_Camera_-_HW_Version_($TBD)/,-1,Upstream,Low,Constraint,Optional system power consumption,Feature may contribute to overall energy consumption shown in Energy Manettino,Probable,Minor energy consumer
SRS Export/SRS Export/SRS_HMI Software/VFI-F164_Energy_Manettino/,SRS Export/SRS Export/SRS_Diagnostics/Right_Camera_-_Image_Delay_(0x910632)/,-1,Upstream,Low,Constraint,Optional system power consumption,Feature may contribute to overall energy consumption shown in Energy Manettino,Probable,Minor energy consumer
SRS Export/SRS Export/SRS_HMI Software/VFI-F164_Energy_Manettino/,SRS Export/SRS Export/SRS_Diagnostics/Right_Camera_-_Image_Freeze_(0x91062A)/,-1,Upstream,Low,Constraint,Optional system power consumption,Feature may contribute to overall energy consumption shown in Energy Manettino,Probable,Minor energy consumer
SRS Export/SRS Export/SRS_HMI Software/VFI-F164_Energy_Manettino/,SRS Export/SRS Export/SRS_Diagnostics/Right_Camera_-_Image_Out_of_Order_(0x910628)/,-1,Upstream,Low,Constraint,Optional system power consumption,Feature may contribute to overall energy consumption shown in Energy Manettino,Probable,Minor energy consumer
SRS Export/SRS Export/SRS_HMI Software/VFI-F164_Energy_Manettino/,SRS Export/SRS Export/SRS_Diagnostics/Right_Camera_-_Internal_Temperature($FE77)/,-1,Upstream,Low,Constraint,Optional system power consumption,Feature may contribute to overall energy consumption shown in Energy Manettino,Probable,Minor energy consumer
SRS Export/SRS Export/SRS_HMI Software/VFI-F164_Energy_Manettino/,SRS Export/SRS Export/SRS_Diagnostics/Right_Camera_-_Intrinsics_parameters_($FE76)/,-1,Upstream,Low,Constraint,Optional system power consumption,Feature may contribute to overall energy consumption shown in Energy Manettino,Probable,Minor energy consumer
SRS Export/SRS Export/SRS_HMI Software/VFI-F164_Energy_Manettino/,"SRS Export/SRS Export/SRS_Diagnostics/Right_Camera_-_Over_Temperature_(0x9106,_0x98)/",-1,Upstream,Low,Constraint,Optional system power consumption,Feature may contribute to overall energy consumption shown in Energy Manettino,Probable,Minor energy consumer
SRS Export/SRS Export/SRS_HMI Software/VFI-F164_Energy_Manettino/,SRS Export/SRS Export/SRS_Diagnostics/Right_Camera_-_Part_Number_($TBD)/,-1,Upstream,Low,Constraint,Optional system power consumption,Feature may contribute to overall energy consumption shown in Energy Manettino,Probable,Minor energy consumer
SRS Export/SRS Export/SRS_HMI Software/VFI-F164_Energy_Manettino/,"SRS Export/SRS Export/SRS_Diagnostics/Right_Camera_-_Power_Off_(0x9106,_0x31)/",-1,Upstream,Low,Constraint,Optional system power consumption,Feature may contribute to overall energy consumption shown in Energy Manettino,Probable,Minor energy consumer
SRS Export/SRS Export/SRS_HMI Software/VFI-F164_Energy_Manettino/,SRS Export/SRS Export/SRS_Diagnostics/Right_Camera_-_Serial_Number_($FE72)/,-1,Upstream,Low,Constraint,Optional system power consumption,Feature may contribute to overall energy consumption shown in Energy Manettino,Probable,Minor energy consumer
SRS Export/SRS Export/SRS_HMI Software/VFI-F164_Energy_Manettino/,"SRS Export/SRS Export/SRS_Diagnostics/Right_Camera_-Â Over_Voltage_(0x9106,_0x17)/",-1,Upstream,Low,Constraint,Optional system power consumption,Feature may contribute to overall energy consumption shown in Energy Manettino,Probable,Minor energy consumer
SRS Export/SRS Export/SRS_HMI Software/VFI-F164_Energy_Manettino/,"SRS Export/SRS Export/SRS_Diagnostics/RightÂ Camera_-_No_Stream_(0x9106,_0x06/",-1,Upstream,Low,Constraint,Optional system power consumption,Feature may contribute to overall energy consumption shown in Energy Manettino,Probable,Minor energy consumer
SRS Export/SRS Export/SRS_HMI Software/VFI-F164_Energy_Manettino/,SRS Export/SRS Export/SRS_Diagnostics/Second_Last_coupled_Bluetooth-Telephone_(paired)/,-1,Upstream,Low,Constraint,Optional system power consumption,Feature may contribute to overall energy consumption shown in Energy Manettino,Probable,Minor energy consumer
SRS Export/SRS Export/SRS_HMI Software/VFI-F164_Energy_Manettino/,SRS Export/SRS Export/SRS_Diagnostics/Status_Bluetooth/,-1,Upstream,Low,Constraint,Optional system power consumption,Feature may contribute to overall energy consumption shown in Energy Manettino,Probable,Minor energy consumer
SRS Export/SRS Export/SRS_HMI Software/VFI-F164_Energy_Manettino/,SRS Export/SRS Export/SRS_DMS/Cabin_Camera/,-1,Upstream,Low,Constraint,Optional system power consumption,Feature may contribute to overall energy consumption shown in Energy Manettino,Probable,Minor energy consumer
SRS Export/SRS Export/SRS_HMI Software/VFI-F164_Energy_Manettino/,SRS Export/SRS Export/SRS_HMI Software/ACC_-_HMI_settings/,-2,Upstream,High,Precondition; Setup,"ACC active status, speed control mode",ACC affects energy efficiency and consumption patterns displayed,Probable,ADAS energy impact
SRS Export/SRS Export/SRS_HMI Software/VFI-F164_Energy_Manettino/,SRS Export/SRS Export/SRS_HMI Software/AM_Radio/,-1,Upstream,Low,Constraint,Optional system power consumption,Feature may contribute to overall energy consumption shown in Energy Manettino,Probable,Minor energy consumer
SRS Export/SRS Export/SRS_HMI Software/VFI-F164_Energy_Manettino/,SRS Export/SRS Export/SRS_HMI Software/AUS-0_Audio_Settings_Persistence/,-1,Upstream,Low,Constraint,Optional system power consumption,Feature may contribute to overall energy consumption shown in Energy Manettino,Probable,Minor energy consumer
SRS Export/SRS Export/SRS_HMI Software/VFI-F164_Energy_Manettino/,SRS Export/SRS Export/SRS_HMI Software/AUS-0_Audio_settings_via_Diagnostics/,-1,Upstream,Low,Constraint,Optional system power consumption,Feature may contribute to overall energy consumption shown in Energy Manettino,Probable,Minor energy consumer
SRS Export/SRS Export/SRS_HMI Software/VFI-F164_Energy_Manettino/,SRS Export/SRS Export/SRS_HMI Software/AUS-0_Audio_setting_introduction/,-1,Upstream,Low,Constraint,Optional system power consumption,Feature may contribute to overall energy consumption shown in Energy Manettino,Probable,Minor energy consumer
SRS Export/SRS Export/SRS_HMI Software/VFI-F164_Energy_Manettino/,SRS Export/SRS Export/SRS_HMI Software/AUS-0__Audio_settings_via_Diagnostics/,-1,Upstream,Low,Constraint,Optional system power consumption,Feature may contribute to overall energy consumption shown in Energy Manettino,Probable,Minor energy consumer
SRS Export/SRS Export/SRS_HMI Software/VFI-F164_Energy_Manettino/,SRS Export/SRS Export/SRS_HMI Software/AUS-0Â Audio_Settings_Persistence/,-1,Upstream,Low,Constraint,Optional system power consumption,Feature may contribute to overall energy consumption shown in Energy Manettino,Probable,Minor energy consumer
SRS Export/SRS Export/SRS_HMI Software/VFI-F164_Energy_Manettino/,SRS Export/SRS Export/SRS_HMI Software/AUS-13_Parking_Sensor_Volume/,-1,Upstream,Low,Constraint,Optional system power consumption,Feature may contribute to overall energy consumption shown in Energy Manettino,Probable,Minor energy consumer
SRS Export/SRS Export/SRS_HMI Software/VFI-F164_Energy_Manettino/,SRS Export/SRS Export/SRS_HMI Software/AUS-4_Audio_Presets/,-1,Upstream,Low,Constraint,Optional system power consumption,Feature may contribute to overall energy consumption shown in Energy Manettino,Probable,Minor energy consumer
SRS Export/SRS Export/SRS_HMI Software/VFI-F164_Energy_Manettino/,SRS Export/SRS Export/SRS_HMI Software/AUS-8_Navigation_Voice_Volume/,-1,Upstream,Low,Constraint,Optional system power consumption,Feature may contribute to overall energy consumption shown in Energy Manettino,Probable,Minor energy consumer
SRS Export/SRS Export/SRS_HMI Software/VFI-F164_Energy_Manettino/,SRS Export/SRS Export/SRS_HMI Software/Blindspot_-_Front_Audio/,-1,Upstream,Low,Constraint,Optional system power consumption,Feature may contribute to overall energy consumption shown in Energy Manettino,Probable,Minor energy consumer
SRS Export/SRS Export/SRS_HMI Software/VFI-F164_Energy_Manettino/,SRS Export/SRS Export/SRS_HMI Software/Blindspot_-_Rear_Audio/,-1,Upstream,Low,Constraint,Optional system power consumption,Feature may contribute to overall energy consumption shown in Energy Manettino,Probable,Minor energy consumer
SRS Export/SRS Export/SRS_HMI Software/VFI-F164_Energy_Manettino/,SRS Export/SRS Export/SRS_HMI Software/Brightness_-Central_Display_-_HMI_settings/,3,Downstream,Critical,ExpectedResult; Verification,"Display rendering, visual feedback, screen updates",Energy Manettino display output must be verified through HMI display systems,Confirmed,HMI display integration requirement
SRS Export/SRS Export/SRS_HMI Software/VFI-F164_Energy_Manettino/,SRS Export/SRS Export/SRS_HMI Software/Charging_visualization_condition/,3,Downstream,Critical,ExpectedResult; Verification,"Display rendering, visual feedback, screen updates",Energy Manettino display output must be verified through HMI display systems,Confirmed,HMI display integration requirement
SRS Export/SRS Export/SRS_HMI Software/VFI-F164_Energy_Manettino/,SRS Export/SRS Export/SRS_HMI Software/Data_from_EV_Navigation_provider/,-1,Upstream,Low,Constraint,Optional system power consumption,Feature may contribute to overall energy consumption shown in Energy Manettino,Probable,Minor energy consumer
SRS Export/SRS Export/SRS_HMI Software/VFI-F164_Energy_Manettino/,SRS Export/SRS Export/SRS_HMI Software/Data_to_EV_Navigation_provider/,-1,Upstream,Low,Constraint,Optional system power consumption,Feature may contribute to overall energy consumption shown in Energy Manettino,Probable,Minor energy consumer
SRS Export/SRS Export/SRS_HMI Software/VFI-F164_Energy_Manettino/,SRS Export/SRS Export/SRS_HMI Software/Display_Characteristics_-_Binnacle_layer_1/,3,Downstream,Critical,ExpectedResult; Verification,"Display rendering, visual feedback, screen updates",Energy Manettino display output must be verified through HMI display systems,Confirmed,HMI display integration requirement
SRS Export/SRS Export/SRS_HMI Software/VFI-F164_Energy_Manettino/,SRS Export/SRS Export/SRS_HMI Software/Display_Characteristics_-_Binnacle_layer_2/,3,Downstream,Critical,ExpectedResult; Verification,"Display rendering, visual feedback, screen updates",Energy Manettino display output must be verified through HMI display systems,Confirmed,HMI display integration requirement
SRS Export/SRS Export/SRS_HMI Software/VFI-F164_Energy_Manettino/,SRS Export/SRS Export/SRS_HMI Software/Display_Characteristics_-_Central_Display/,3,Downstream,Critical,ExpectedResult; Verification,"Display rendering, visual feedback, screen updates",Energy Manettino display output must be verified through HMI display systems,Confirmed,HMI display integration requirement
SRS Export/SRS Export/SRS_HMI Software/VFI-F164_Energy_Manettino/,SRS Export/SRS Export/SRS_HMI Software/Display_Characteristics_-_Rear_Display/,3,Downstream,Critical,ExpectedResult; Verification,"Display rendering, visual feedback, screen updates",Energy Manettino display output must be verified through HMI display systems,Confirmed,HMI display integration requirement
SRS Export/SRS Export/SRS_HMI Software/VFI-F164_Energy_Manettino/,SRS Export/SRS Export/SRS_HMI Software/EV_Navigation_-_Android_Auto/,-1,Upstream,Low,Constraint,Optional system power consumption,Feature may contribute to overall energy consumption shown in Energy Manettino,Probable,Minor energy consumer
SRS Export/SRS Export/SRS_HMI Software/VFI-F164_Energy_Manettino/,SRS Export/SRS Export/SRS_HMI Software/EV_Navigation_-_Carplay/,-1,Upstream,Low,Constraint,Optional system power consumption,Feature may contribute to overall energy consumption shown in Energy Manettino,Probable,Minor energy consumer
SRS Export/SRS Export/SRS_HMI Software/VFI-F164_Energy_Manettino/,SRS Export/SRS Export/SRS_HMI Software/FM_Radio/,-1,Upstream,Low,Constraint,Optional system power consumption,Feature may contribute to overall energy consumption shown in Energy Manettino,Probable,Minor energy consumer
SRS Export/SRS Export/SRS_HMI Software/VFI-F164_Energy_Manettino/,SRS Export/SRS Export/SRS_HMI Software/GEN-3_Display_Characteristics/,3,Downstream,Critical,ExpectedResult; Verification,"Display rendering, visual feedback, screen updates",Energy Manettino display output must be verified through HMI display systems,Confirmed,HMI display integration requirement
SRS Export/SRS Export/SRS_HMI Software/VFI-F164_Energy_Manettino/,SRS Export/SRS Export/SRS_HMI Software/Graphics_and_Video_Streaming/,3,Downstream,Critical,ExpectedResult; Verification,"Display rendering, visual feedback, screen updates",Energy Manettino display output must be verified through HMI display systems,Confirmed,HMI display integration requirement
SRS Export/SRS Export/SRS_HMI Software/VFI-F164_Energy_Manettino/,SRS Export/SRS Export/SRS_HMI Software/Home_Screen/,3,Downstream,Critical,ExpectedResult; Verification,"Display rendering, visual feedback, screen updates",Energy Manettino display output must be verified through HMI display systems,Confirmed,HMI display integration requirement
SRS Export/SRS Export/SRS_HMI Software/VFI-F164_Energy_Manettino/,SRS Export/SRS Export/SRS_HMI Software/Home_Screen_Widgets/,3,Downstream,Critical,ExpectedResult; Verification,"Display rendering, visual feedback, screen updates",Energy Manettino display output must be verified through HMI display systems,Confirmed,HMI display integration requirement
SRS Export/SRS Export/SRS_HMI Software/VFI-F164_Energy_Manettino/,SRS Export/SRS Export/SRS_HMI Software/Liftgate_Alert_-Audio/,-1,Upstream,Low,Constraint,Optional system power consumption,Feature may contribute to overall energy consumption shown in Energy Manettino,Probable,Minor energy consumer
SRS Export/SRS Export/SRS_HMI Software/VFI-F164_Energy_Manettino/,SRS Export/SRS Export/SRS_HMI Software/Long_parking_(Storage_Mode)/,-1,Upstream,Low,Constraint,Optional system power consumption,Feature may contribute to overall energy consumption shown in Energy Manettino,Probable,Minor energy consumer
SRS Export/SRS Export/SRS_HMI Software/VFI-F164_Energy_Manettino/,SRS Export/SRS Export/SRS_HMI Software/Long_parking_visualizations/,3,Downstream,Critical,ExpectedResult; Verification,"Display rendering, visual feedback, screen updates",Energy Manettino display output must be verified through HMI display systems,Confirmed,HMI display integration requirement
SRS Export/SRS Export/SRS_HMI Software/VFI-F164_Energy_Manettino/,SRS Export/SRS Export/SRS_HMI Software/Media/,-1,Upstream,Low,Constraint,Optional system power consumption,Feature may contribute to overall energy consumption shown in Energy Manettino,Probable,Minor energy consumer
SRS Export/SRS Export/SRS_HMI Software/VFI-F164_Energy_Manettino/,SRS Export/SRS Export/SRS_HMI Software/Media_Player_Functions/,-1,Upstream,Low,Constraint,Optional system power consumption,Feature may contribute to overall energy consumption shown in Energy Manettino,Probable,Minor energy consumer
SRS Export/SRS Export/SRS_HMI Software/VFI-F164_Energy_Manettino/,SRS Export/SRS Export/SRS_HMI Software/Plug_status_visualization/,3,Downstream,Critical,ExpectedResult; Verification,"Display rendering, visual feedback, screen updates",Energy Manettino display output must be verified through HMI display systems,Confirmed,HMI display integration requirement
SRS Export/SRS Export/SRS_HMI Software/VFI-F164_Energy_Manettino/,"SRS Export/SRS Export/SRS_HMI Software/PRK-0_Elements_Visualized_for_Parking_system_with_rear_camera,_frontal_and_rear_sensors/",-1,Upstream,Low,Constraint,Optional system power consumption,Feature may contribute to overall energy consumption shown in Energy Manettino,Probable,Minor energy consumer
SRS Export/SRS Export/SRS_HMI Software/VFI-F164_Energy_Manettino/,SRS Export/SRS Export/SRS_HMI Software/PRK-0_Elements_Visualized_for_Parking_system_with_Surround_view/,-1,Upstream,Low,Constraint,Optional system power consumption,Feature may contribute to overall energy consumption shown in Energy Manettino,Probable,Minor energy consumer
SRS Export/SRS Export/SRS_HMI Software/VFI-F164_Energy_Manettino/,SRS Export/SRS Export/SRS_HMI Software/PRK-0_Obstacle_Proximity_Signalling_Visualization_Management/,3,Downstream,Critical,ExpectedResult; Verification,"Display rendering, visual feedback, screen updates",Energy Manettino display output must be verified through HMI display systems,Confirmed,HMI display integration requirement
SRS Export/SRS Export/SRS_HMI Software/VFI-F164_Energy_Manettino/,SRS Export/SRS Export/SRS_HMI Software/PRK-0_PARKING_MANAGEMENT_INTRODUCTION/,-1,Upstream,Low,Constraint,Optional system power consumption,Feature may contribute to overall energy consumption shown in Energy Manettino,Probable,Minor energy consumer
SRS Export/SRS Export/SRS_HMI Software/VFI-F164_Energy_Manettino/,SRS Export/SRS Export/SRS_HMI Software/PRK-0__Obstacle_Proximity_Signalling_Visualization_Management/,3,Downstream,Critical,ExpectedResult; Verification,"Display rendering, visual feedback, screen updates",Energy Manettino display output must be verified through HMI display systems,Confirmed,HMI display integration requirement
SRS Export/SRS Export/SRS_HMI Software/VFI-F164_Energy_Manettino/,SRS Export/SRS Export/SRS_HMI Software/PRK-0_Â Generic_Parking_visualization_interactions/,3,Downstream,Critical,ExpectedResult; Verification,"Display rendering, visual feedback, screen updates",Energy Manettino display output must be verified through HMI display systems,Confirmed,HMI display integration requirement
SRS Export/SRS Export/SRS_HMI Software/VFI-F164_Energy_Manettino/,SRS Export/SRS Export/SRS_HMI Software/PRK-0_Â Rear_Parking_Camera_Management/,-1,Upstream,Low,Constraint,Optional system power consumption,Feature may contribute to overall energy consumption shown in Energy Manettino,Probable,Minor energy consumer
SRS Export/SRS Export/SRS_HMI Software/VFI-F164_Energy_Manettino/,SRS Export/SRS Export/SRS_HMI Software/PRK-0Â Generic_Parking_visualization_interactions/,3,Downstream,Critical,ExpectedResult; Verification,"Display rendering, visual feedback, screen updates",Energy Manettino display output must be verified through HMI display systems,Confirmed,HMI display integration requirement
SRS Export/SRS Export/SRS_HMI Software/VFI-F164_Energy_Manettino/,SRS Export/SRS Export/SRS_HMI Software/PRK-0Â Rear_Parking_Camera_Management/,-1,Upstream,Low,Constraint,Optional system power consumption,Feature may contribute to overall energy consumption shown in Energy Manettino,Probable,Minor energy consumer
SRS Export/SRS Export/SRS_HMI Software/VFI-F164_Energy_Manettino/,SRS Export/SRS Export/SRS_HMI Software/PRK-12_RCTA_SYSTEM_WARNING_Audio/,-1,Upstream,Low,Constraint,Optional system power consumption,Feature may contribute to overall energy consumption shown in Energy Manettino,Probable,Minor energy consumer
SRS Export/SRS Export/SRS_HMI Software/VFI-F164_Energy_Manettino/,SRS Export/SRS Export/SRS_HMI Software/PRK-1_PARKING_ACTIVATION_STATES_MANAGEMENT/,-1,Upstream,Low,Constraint,Optional system power consumption,Feature may contribute to overall energy consumption shown in Energy Manettino,Probable,Minor energy consumer
SRS Export/SRS Export/SRS_HMI Software/VFI-F164_Energy_Manettino/,SRS Export/SRS Export/SRS_HMI Software/PRK-1_Parking_Buttons_in_Quick_Control/,-1,Upstream,Low,Constraint,Optional system power consumption,Feature may contribute to overall energy consumption shown in Energy Manettino,Probable,Minor energy consumer
SRS Export/SRS Export/SRS_HMI Software/VFI-F164_Energy_Manettino/,SRS Export/SRS Export/SRS_HMI Software/PRK-1_Parking_user_interaction_description/,-1,Upstream,Low,Constraint,Optional system power consumption,Feature may contribute to overall energy consumption shown in Energy Manettino,Probable,Minor energy consumer
SRS Export/SRS Export/SRS_HMI Software/VFI-F164_Energy_Manettino/,SRS Export/SRS Export/SRS_HMI Software/PRK-1__Parking_Buttons_in_Quick_Control/,-1,Upstream,Low,Constraint,Optional system power consumption,Feature may contribute to overall energy consumption shown in Energy Manettino,Probable,Minor energy consumer
SRS Export/SRS Export/SRS_HMI Software/VFI-F164_Energy_Manettino/,SRS Export/SRS Export/SRS_HMI Software/PRK-1__Parking_user_interaction_description/,-1,Upstream,Low,Constraint,Optional system power consumption,Feature may contribute to overall energy consumption shown in Energy Manettino,Probable,Minor energy consumer
SRS Export/SRS Export/SRS_HMI Software/VFI-F164_Energy_Manettino/,SRS Export/SRS Export/SRS_HMI Software/PRK-1__Â Front_and_Rear_sensors_plus_rear_camera_Buttons/,-1,Upstream,Low,Constraint,Optional system power consumption,Feature may contribute to overall energy consumption shown in Energy Manettino,Probable,Minor energy consumer
SRS Export/SRS Export/SRS_HMI Software/VFI-F164_Energy_Manettino/,SRS Export/SRS Export/SRS_HMI Software/PRK-1_Â Front_and_Rear_sensors_plus_rear_camera_Buttons/,-1,Upstream,Low,Constraint,Optional system power consumption,Feature may contribute to overall energy consumption shown in Energy Manettino,Probable,Minor energy consumer
SRS Export/SRS Export/SRS_HMI Software/VFI-F164_Energy_Manettino/,SRS Export/SRS Export/SRS_HMI Software/PRK-2_Parking_Lines/,-1,Upstream,Low,Constraint,Optional system power consumption,Feature may contribute to overall energy consumption shown in Energy Manettino,Probable,Minor energy consumer
SRS Export/SRS Export/SRS_HMI Software/VFI-F164_Energy_Manettino/,SRS Export/SRS Export/SRS_HMI Software/PRK-3_Rear_Camera_configuration/,-1,Upstream,Low,Constraint,Optional system power consumption,Feature may contribute to overall energy consumption shown in Energy Manettino,Probable,Minor energy consumer
SRS Export/SRS Export/SRS_HMI Software/VFI-F164_Energy_Manettino/,SRS Export/SRS Export/SRS_HMI Software/PRK-4_CAMERA_FAILURE_MANAGEMENT/,-1,Upstream,Low,Constraint,Optional system power consumption,Feature may contribute to overall energy consumption shown in Energy Manettino,Probable,Minor energy consumer
SRS Export/SRS Export/SRS_HMI Software/VFI-F164_Energy_Manettino/,SRS Export/SRS Export/SRS_HMI Software/PRK-4_Camera_View_System_loading/,-1,Upstream,Low,Constraint,Optional system power consumption,Feature may contribute to overall energy consumption shown in Energy Manettino,Probable,Minor energy consumer
SRS Export/SRS Export/SRS_HMI Software/VFI-F164_Energy_Manettino/,SRS Export/SRS Export/SRS_HMI Software/PRK-4_Camera_View_Warning_calibration_(only_for_Surround_View)/,-1,Upstream,Low,Constraint,Optional system power consumption,Feature may contribute to overall energy consumption shown in Energy Manettino,Probable,Minor energy consumer
SRS Export/SRS Export/SRS_HMI Software/VFI-F164_Energy_Manettino/,SRS Export/SRS Export/SRS_HMI Software/PRK-6_Parking_sensors_and_rear_gear_audio_behaviours/,-1,Upstream,Low,Constraint,Optional system power consumption,Feature may contribute to overall energy consumption shown in Energy Manettino,Probable,Minor energy consumer
SRS Export/SRS Export/SRS_HMI Software/VFI-F164_Energy_Manettino/,SRS Export/SRS Export/SRS_HMI Software/PRK-6_PARKING_SOUNDS_MANAGEMENT/,-1,Upstream,Low,Constraint,Optional system power consumption,Feature may contribute to overall energy consumption shown in Energy Manettino,Probable,Minor energy consumer
SRS Export/SRS Export/SRS_HMI Software/VFI-F164_Energy_Manettino/,SRS Export/SRS Export/SRS_HMI Software/PRK-8_Â Bird_View_Camera_View_Buttons/,-1,Upstream,Low,Constraint,Optional system power consumption,Feature may contribute to overall energy consumption shown in Energy Manettino,Probable,Minor energy consumer
SRS Export/SRS Export/SRS_HMI Software/VFI-F164_Energy_Manettino/,SRS Export/SRS Export/SRS_HMI Software/PRK-8Â Bird_View_Camera_View_Buttons/,-1,Upstream,Low,Constraint,Optional system power consumption,Feature may contribute to overall energy consumption shown in Energy Manettino,Probable,Minor energy consumer
SRS Export/SRS Export/SRS_HMI Software/VFI-F164_Energy_Manettino/,SRS Export/SRS Export/SRS_HMI Software/PRK_1_Parking_view_automatic_activation_use_cases/,-1,Upstream,Low,Constraint,Optional system power consumption,Feature may contribute to overall energy consumption shown in Energy Manettino,Probable,Minor energy consumer
SRS Export/SRS Export/SRS_HMI Software/VFI-F164_Energy_Manettino/,SRS Export/SRS Export/SRS_HMI Software/PRK_1Â Rear_Camera_configuration/,-1,Upstream,Low,Constraint,Optional system power consumption,Feature may contribute to overall energy consumption shown in Energy Manettino,Probable,Minor energy consumer
SRS Export/SRS Export/SRS_HMI Software/VFI-F164_Energy_Manettino/,SRS Export/SRS Export/SRS_HMI Software/Rearview_Camera/,-1,Upstream,Low,Constraint,Optional system power consumption,Feature may contribute to overall energy consumption shown in Energy Manettino,Probable,Minor energy consumer
SRS Export/SRS Export/SRS_HMI Software/VFI-F164_Energy_Manettino/,SRS Export/SRS Export/SRS_HMI Software/Rear_Cross_Traffic_Alert_-_FrontÂ Audio/,-1,Upstream,Low,Constraint,Optional system power consumption,Feature may contribute to overall energy consumption shown in Energy Manettino,Probable,Minor energy consumer
SRS Export/SRS Export/SRS_HMI Software/VFI-F164_Energy_Manettino/,SRS Export/SRS Export/SRS_HMI Software/Rear_Cross_Traffic_Alert_-_Rear_Audio/,-1,Upstream,Low,Constraint,Optional system power consumption,Feature may contribute to overall energy consumption shown in Energy Manettino,Probable,Minor energy consumer
SRS Export/SRS Export/SRS_HMI Software/VFI-F164_Energy_Manettino/,SRS Export/SRS Export/SRS_HMI Software/Rear_Cross_Traffic_Alert_-_Visual_&_Audio/,-1,Upstream,Low,Constraint,Optional system power consumption,Feature may contribute to overall energy consumption shown in Energy Manettino,Probable,Minor energy consumer
SRS Export/SRS Export/SRS_HMI Software/VFI-F164_Energy_Manettino/,SRS Export/SRS Export/SRS_HMI Software/SET-3_Brightness/,3,Downstream,Critical,ExpectedResult; Verification,"Display rendering, visual feedback, screen updates",Energy Manettino display output must be verified through HMI display systems,Confirmed,HMI display integration requirement
SRS Export/SRS Export/SRS_HMI Software/VFI-F164_Energy_Manettino/,SRS Export/SRS Export/SRS_HMI Software/SET-48_Adaptive_Cruise_Control_Distance_setting/,-2,Upstream,High,Precondition; Setup,"ACC active status, speed control mode",ACC affects energy efficiency and consumption patterns displayed,Probable,ADAS energy impact
SRS Export/SRS Export/SRS_HMI Software/VFI-F164_Energy_Manettino/,SRS Export/SRS Export/SRS_HMI Software/SET-67-Long_Parking_-_HMI_settings/,-1,Upstream,Low,Constraint,Optional system power consumption,Feature may contribute to overall energy consumption shown in Energy Manettino,Probable,Minor energy consumer
SRS Export/SRS Export/SRS_HMI Software/VFI-F164_Energy_Manettino/,SRS Export/SRS Export/SRS_HMI Software/SET-67-Long_Parking_-Â SOMEIP_Service_Logic/,-1,Upstream,Low,Constraint,Optional system power consumption,Feature may contribute to overall energy consumption shown in Energy Manettino,Probable,Minor energy consumer
SRS Export/SRS Export/SRS_HMI Software/VFI-F164_Energy_Manettino/,SRS Export/SRS Export/SRS_HMI Software/SET-67-L_ong_Parking_-_HMI_settings/,-1,Upstream,Low,Constraint,Optional system power consumption,Feature may contribute to overall energy consumption shown in Energy Manettino,Probable,Minor energy consumer
SRS Export/SRS Export/SRS_HMI Software/VFI-F164_Energy_Manettino/,SRS Export/SRS Export/SRS_HMI Software/SET-67-L_ong_Parking_-Â SOMEIP_Service_Logic/,-1,Upstream,Low,Constraint,Optional system power consumption,Feature may contribute to overall energy consumption shown in Energy Manettino,Probable,Minor energy consumer
SRS Export/SRS Export/SRS_HMI Software/VFI-F164_Energy_Manettino/,SRS Export/SRS Export/SRS_HMI Software/SET-67_Long_Parking/,-1,Upstream,Low,Constraint,Optional system power consumption,Feature may contribute to overall energy consumption shown in Energy Manettino,Probable,Minor energy consumer
SRS Export/SRS Export/SRS_HMI Software/VFI-F164_Energy_Manettino/,SRS Export/SRS Export/SRS_HMI Software/SET-91_Camera_Activation_Control/,-1,Upstream,Low,Constraint,Optional system power consumption,Feature may contribute to overall energy consumption shown in Energy Manettino,Probable,Minor energy consumer
SRS Export/SRS Export/SRS_HMI Software/VFI-F164_Energy_Manettino/,SRS Export/SRS Export/SRS_HMI Software/SET-F247_Parking_Lights/,-1,Upstream,Low,Constraint,Optional system power consumption,Feature may contribute to overall energy consumption shown in Energy Manettino,Probable,Minor energy consumer
SRS Export/SRS Export/SRS_HMI Software/VFI-F164_Energy_Manettino/,SRS Export/SRS Export/SRS_HMI Software/SOMEIP_Services_for_EV_Navigation_via_projection/,-1,Upstream,Low,Constraint,Optional system power consumption,Feature may contribute to overall energy consumption shown in Energy Manettino,Probable,Minor energy consumer
SRS Export/SRS Export/SRS_HMI Software/VFI-F164_Energy_Manettino/,SRS Export/SRS Export/SRS_HMI Software/Status_bar/,3,Downstream,Critical,ExpectedResult; Verification,"Display rendering, visual feedback, screen updates",Energy Manettino display output must be verified through HMI display systems,Confirmed,HMI display integration requirement
SRS Export/SRS Export/SRS_HMI Software/VFI-F164_Energy_Manettino/,SRS Export/SRS Export/SRS_HMI Software/VFI-F165_Vehicle_Manettino/,-2,Upstream,High,Precondition; Setup,"Vehicle driving mode, performance settings",Vehicle Manettino mode affects energy consumption patterns displayed in Energy Manettino,Confirmed,Related manettino control dependency
SRS Export/SRS Export/SRS_HMI Software/VFI-F164_Energy_Manettino/,SRS Export/SRS Export/SRS_HMI Software/VFI-F174_GPS_Information_management/,-1,Upstream,Low,Constraint,Optional system power consumption,Feature may contribute to overall energy consumption shown in Energy Manettino,Probable,Minor energy consumer
SRS Export/SRS Export/SRS_HMI Software/VFI-F164_Energy_Manettino/,SRS Export/SRS Export/SRS_HMI Software/VFI-F804_State_of_Battery/,-3,Upstream,Critical,Precondition; Setup; TestcaseDescription,"Battery health, remaining capacity, charging state",Energy Manettino displays battery state information - mandatory for energy management testcases,Confirmed,Core energy display dependency
SRS Export/SRS Export/SRS_HMI Software/VFI-F164_Energy_Manettino/,SRS Export/SRS Export/SRS_HMI Software/VFI-F904_EV_Navigation_via_projection/,-1,Upstream,Low,Constraint,Optional system power consumption,Feature may contribute to overall energy consumption shown in Energy Manettino,Probable,Minor energy consumer
SRS Export/SRS Export/SRS_HMI Software/VFI-F164_Energy_Manettino/,SRS Export/SRS Export/SRS_HMI Software/Visualization_Area/,3,Downstream,Critical,ExpectedResult; Verification,"Display rendering, visual feedback, screen updates",Energy Manettino display output must be verified through HMI display systems,Confirmed,HMI display integration requirement
SRS Export/SRS Export/SRS_HMI Software/VFI-F164_Energy_Manettino/,SRS Export/SRS Export/SRS_Instrument Cluster/VEH-F020_Speedometer/,2,Downstream,High,ExpectedResult; Verification,"Range calculation consistency, energy efficiency metrics",Energy Manettino data should be consistent with instrument cluster energy displays,Probable,Cross-display consistency requirement
SRS Export/SRS Export/SRS_HMI Software/VFI-F164_Energy_Manettino/,SRS Export/SRS Export/SRS_Instrument Cluster/VEH-F023_Total_Odometer/,2,Downstream,High,ExpectedResult; Verification,"Range calculation consistency, energy efficiency metrics",Energy Manettino data should be consistent with instrument cluster energy displays,Probable,Cross-display consistency requirement
SRS Export/SRS Export/SRS_HMI Software/VFI-F164_Energy_Manettino/,SRS Export/SRS Export/SRS_Instrument Cluster/VEH-F024_Range_Estimation/,2,Downstream,High,ExpectedResult; Verification,"Range calculation consistency, energy efficiency metrics",Energy Manettino data should be consistent with instrument cluster energy displays,Probable,Cross-display consistency requirement
SRS Export/SRS Export/SRS_HMI Software/VFI-F164_Energy_Manettino/,SRS Export/SRS Export/SRS_Instrument Cluster/VEH-F027_Position_Lights_DRL_and_Parking_Lights_Management/,-1,Upstream,Low,Constraint,Optional system power consumption,Feature may contribute to overall energy consumption shown in Energy Manettino,Probable,Minor energy consumer
SRS Export/SRS Export/SRS_HMI Software/VFI-F164_Energy_Manettino/,SRS Export/SRS Export/SRS_Instrument Cluster/VEH-F163_Trip_Computer/,2,Downstream,High,ExpectedResult; Verification,"Range calculation consistency, energy efficiency metrics",Energy Manettino data should be consistent with instrument cluster energy displays,Probable,Cross-display consistency requirement
SRS Export/SRS Export/SRS_HMI Software/VFI-F164_Energy_Manettino/,SRS Export/SRS Export/SRS_Instrument Cluster/VEH-F252_Electric_Parking_Brake/,-1,Upstream,Low,Constraint,Optional system power consumption,Feature may contribute to overall energy consumption shown in Energy Manettino,Probable,Minor energy consumer
SRS Export/SRS Export/SRS_HMI Software/VFI-F164_Energy_Manettino/,SRS Export/SRS Export/SRS_Instrument Cluster/VEH-F275_Electric_Parking_Brake_Warning_Release/,-1,Upstream,Low,Constraint,Optional system power consumption,Feature may contribute to overall energy consumption shown in Energy Manettino,Probable,Minor energy consumer
SRS Export/SRS Export/SRS_HMI Software/VFI-F164_Energy_Manettino/,SRS Export/SRS Export/SRS_Instrument Cluster/VEH-F534_Adaptive_Cruise_Control_Management/,-2,Upstream,High,Precondition; Setup,"ACC active status, speed control mode",ACC affects energy efficiency and consumption patterns displayed,Probable,ADAS energy impact
SRS Export/SRS Export/SRS_HMI Software/VFI-F164_Energy_Manettino/,SRS Export/SRS Export/SRS_Instrument Cluster/VEH-F804_High_Voltage_Battery/,-3,Upstream,Critical,Precondition; Setup; TestcaseDescription,"Battery state, SOC level, charging status, temperature",Energy Manettino must display current battery information - critical for all energy-related testcases,Confirmed,Direct energy system dependency
SRS Export/SRS Export/SRS_HMI Software/VFI-F164_Energy_Manettino/,SRS Export/SRS Export/SRS_Instrument Cluster/VEH-F805_High_Voltage_HVAC_&_H2O_Circuit/,-2,Upstream,High,Precondition; Setup,"HVAC power consumption, climate control status",Climate system significantly impacts energy consumption shown in Energy Manettino,Confirmed,Major energy consumer dependency
SRS Export/SRS Export/SRS_HMI Software/VFI-F164_Energy_Manettino/,SRS Export/SRS Export/SRS_Instrument Cluster/VEH-F810_E-Drive_Management/,-3,Upstream,Critical,Precondition; Setup; Activation,"Electric drive status, power delivery, regeneration mode",Energy Manettino shows e-drive efficiency and power flow - critical for energy testcases,Confirmed,Electric powertrain integration
SRS Export/SRS Export/SRS_HMI Software/VFI-F164_Energy_Manettino/,SRS Export/SRS Export/SRS_Navigation/ADAS_(Advanced_Driver_Assistant_Systems)_and_ADAS_Map/,1,Downstream,Low,ExpectedResult,Route optimization based on energy efficiency,Navigation might use energy consumption data for route planning,Probable,Energy-aware navigation feature
SRS Export/SRS Export/SRS_HMI Software/VFI-F164_Energy_Manettino/,SRS Export/SRS Export/SRS_Navigation/Cancel_Maps_at_EOL/,1,Downstream,Low,ExpectedResult,Route optimization based on energy efficiency,Navigation might use energy consumption data for route planning,Probable,Energy-aware navigation feature
SRS Export/SRS Export/SRS_HMI Software/VFI-F164_Energy_Manettino/,SRS Export/SRS Export/SRS_Navigation/General_Navigation_features/,-1,Upstream,Low,Constraint,Optional system power consumption,Feature may contribute to overall energy consumption shown in Energy Manettino,Probable,Minor energy consumer
SRS Export/SRS Export/SRS_HMI Software/VFI-F164_Energy_Manettino/,SRS Export/SRS Export/SRS_Navigation/License_activation/,1,Downstream,Low,ExpectedResult,Route optimization based on energy efficiency,Navigation might use energy consumption data for route planning,Probable,Energy-aware navigation feature
SRS Export/SRS Export/SRS_HMI Software/VFI-F164_Energy_Manettino/,SRS Export/SRS Export/SRS_Navigation/MAP-1_Navigation_warnings_-_speed_limit_sign/,-1,Upstream,Low,Constraint,Optional system power consumption,Feature may contribute to overall energy consumption shown in Energy Manettino,Probable,Minor energy consumer
SRS Export/SRS Export/SRS_HMI Software/VFI-F164_Energy_Manettino/,SRS Export/SRS Export/SRS_Navigation/MAP-2_Positioning/,1,Downstream,Low,ExpectedResult,Route optimization based on energy efficiency,Navigation might use energy consumption data for route planning,Probable,Energy-aware navigation feature
SRS Export/SRS Export/SRS_HMI Software/VFI-F164_Energy_Manettino/,SRS Export/SRS Export/SRS_Navigation/MAP-3_Dead_reckoning/,1,Downstream,Low,ExpectedResult,Route optimization based on energy efficiency,Navigation might use energy consumption data for route planning,Probable,Energy-aware navigation feature
SRS Export/SRS Export/SRS_HMI Software/VFI-F164_Energy_Manettino/,SRS Export/SRS Export/SRS_Navigation/MAP-4_Vehicle_heading/,1,Downstream,Low,ExpectedResult,Route optimization based on energy efficiency,Navigation might use energy consumption data for route planning,Probable,Energy-aware navigation feature
SRS Export/SRS Export/SRS_HMI Software/VFI-F164_Energy_Manettino/,SRS Export/SRS Export/SRS_Navigation/MAP-5_ADASIS/,1,Downstream,Low,ExpectedResult,Route optimization based on energy efficiency,Navigation might use energy consumption data for route planning,Probable,Energy-aware navigation feature
SRS Export/SRS Export/SRS_HMI Software/VFI-F164_Energy_Manettino/,SRS Export/SRS Export/SRS_Navigation/MAP-6_Air_Quality_System_(AQS)/,1,Downstream,Low,ExpectedResult,Route optimization based on energy efficiency,Navigation might use energy consumption data for route planning,Probable,Energy-aware navigation feature
SRS Export/SRS Export/SRS_HMI Software/VFI-F164_Energy_Manettino/,SRS Export/SRS Export/SRS_Navigation/MAP-7_Map_License_Management/,1,Downstream,Low,ExpectedResult,Route optimization based on energy efficiency,Navigation might use energy consumption data for route planning,Probable,Energy-aware navigation feature
SRS Export/SRS Export/SRS_HMI Software/VFI-F164_Energy_Manettino/,SRS Export/SRS Export/SRS_Navigation/Maps/,1,Downstream,Low,ExpectedResult,Route optimization based on energy efficiency,Navigation might use energy consumption data for route planning,Probable,Energy-aware navigation feature
SRS Export/SRS Export/SRS_HMI Software/VFI-F164_Energy_Manettino/,SRS Export/SRS Export/SRS_Navigation/Maps_&_ADASIS_availability_conditions/,1,Downstream,Low,ExpectedResult,Route optimization based on energy efficiency,Navigation might use energy consumption data for route planning,Probable,Energy-aware navigation feature
SRS Export/SRS Export/SRS_HMI Software/VFI-F164_Energy_Manettino/,SRS Export/SRS Export/SRS_Navigation/Map_addition/,1,Downstream,Low,ExpectedResult,Route optimization based on energy efficiency,Navigation might use energy consumption data for route planning,Probable,Energy-aware navigation feature
SRS Export/SRS Export/SRS_HMI Software/VFI-F164_Energy_Manettino/,SRS Export/SRS Export/SRS_Navigation/Map_update/,1,Downstream,Low,ExpectedResult,Route optimization based on energy efficiency,Navigation might use energy consumption data for route planning,Probable,Energy-aware navigation feature
SRS Export/SRS Export/SRS_HMI Software/VFI-F164_Energy_Manettino/,SRS Export/SRS Export/SRS_Navigation/Navigation_Main_screen/,-1,Upstream,Low,Constraint,Optional system power consumption,Feature may contribute to overall energy consumption shown in Energy Manettino,Probable,Minor energy consumer
SRS Export/SRS Export/SRS_HMI Software/VFI-F164_Energy_Manettino/,SRS Export/SRS Export/SRS_Navigation/Navigation_Settings/,-1,Upstream,Low,Constraint,Optional system power consumption,Feature may contribute to overall energy consumption shown in Energy Manettino,Probable,Minor energy consumer
SRS Export/SRS Export/SRS_HMI Software/VFI-F164_Energy_Manettino/,SRS Export/SRS Export/SRS_Navigation/Navigator-related_TSR_information's_published_by_IDC/,1,Downstream,Low,ExpectedResult,Route optimization based on energy efficiency,Navigation might use energy consumption data for route planning,Probable,Energy-aware navigation feature
SRS Export/SRS Export/SRS_HMI Software/VFI-F164_Energy_Manettino/,SRS Export/SRS Export/SRS_Navigation/Navi_and_maps/,1,Downstream,Low,ExpectedResult,Route optimization based on energy efficiency,Navigation might use energy consumption data for route planning,Probable,Energy-aware navigation feature
SRS Export/SRS Export/SRS_HMI Software/VFI-F164_Energy_Manettino/,SRS Export/SRS Export/SRS_Navigation/Pseudo-TSR_message_for_countries_without_navigator/,1,Downstream,Low,ExpectedResult,Route optimization based on energy efficiency,Navigation might use energy consumption data for route planning,Probable,Energy-aware navigation feature
SRS Export/SRS Export/SRS_HMI Software/VFI-F164_Energy_Manettino/,SRS Export/SRS Export/SRS_System Architecture/Audio_Components_Â _Â _Â _Audio_Components/,-1,Upstream,Low,Constraint,Optional system power consumption,Feature may contribute to overall energy consumption shown in Energy Manettino,Probable,Minor energy consumer
SRS Export/SRS Export/SRS_HMI Software/VFI-F164_Energy_Manettino/,SRS Export/SRS Export/SRS_System Architecture/Automated_Parking_Â _Â _Â _Automated_Parking/,-1,Upstream,Low,Constraint,Optional system power consumption,Feature may contribute to overall energy consumption shown in Energy Manettino,Probable,Minor energy consumer
SRS Export/SRS Export/SRS_HMI Software/VFI-F164_Energy_Manettino/,SRS Export/SRS Export/SRS_System Architecture/Cameras_Configuration_Â _Â _Â _Cameras_Configuration/,-1,Upstream,Low,Constraint,Optional system power consumption,Feature may contribute to overall energy consumption shown in Energy Manettino,Probable,Minor energy consumer
SRS Export/SRS Export/SRS_HMI Software/VFI-F164_Energy_Manettino/,SRS Export/SRS Export/SRS_System Architecture/Displays_Physical_Commands_for_Central_Display_-_Climate/,-2,Upstream,High,Precondition; Setup,"HVAC power consumption, climate control status",Climate system significantly impacts energy consumption shown in Energy Manettino,Confirmed,Major energy consumer dependency
SRS Export/SRS Export/SRS_HMI Software/VFI-F164_Energy_Manettino/,SRS Export/SRS Export/SRS_System Architecture/Displays_Physical_commands_forÂ Rear_Display_-_Climate/,-2,Upstream,High,Precondition; Setup,"HVAC power consumption, climate control status",Climate system significantly impacts energy consumption shown in Energy Manettino,Confirmed,Major energy consumer dependency
SRS Export/SRS Export/SRS_HMI Software/VFI-F164_Energy_Manettino/,SRS Export/SRS Export/SRS_System Architecture/Extra_cameras_(Nice_to_Have)_Â _Â _Â _Extra_cameras_(Nice_to_Have)/,-1,Upstream,Low,Constraint,Optional system power consumption,Feature may contribute to overall energy consumption shown in Energy Manettino,Probable,Minor energy consumer
SRS Export/SRS Export/SRS_HMI Software/VFI-F164_Energy_Manettino/,SRS Export/SRS Export/SRS_System Architecture/In_cabin_cameras_Â _Â _Â _In_cabin_cameras/,-1,Upstream,Low,Constraint,Optional system power consumption,Feature may contribute to overall energy consumption shown in Energy Manettino,Probable,Minor energy consumer
SRS Export/SRS Export/SRS_HMI Software/VFI-F164_Energy_Manettino/,SRS Export/SRS Export/SRS_Tuner/AM_HD_Radio_(MPS_Only)skip_Functionality/,-1,Upstream,Low,Constraint,Optional system power consumption,Feature may contribute to overall energy consumption shown in Energy Manettino,Probable,Minor energy consumer
SRS Export/SRS Export/SRS_HMI Software/VFI-F164_Energy_Manettino/,SRS Export/SRS Export/SRS_Tuner/Internet_Radio/,-1,Upstream,Low,Constraint,Optional system power consumption,Feature may contribute to overall energy consumption shown in Energy Manettino,Probable,Minor energy consumer
SRS Export/SRS Export/SRS_HMI Software/VFI-F164_Energy_Manettino/,SRS Export/SRS Export/SRS_Tuner/Japan_Radio/,-1,Upstream,Low,Constraint,Optional system power consumption,Feature may contribute to overall energy consumption shown in Energy Manettino,Probable,Minor energy consumer
SRS Export/SRS Export/SRS_HMI Software/VFI-F164_Energy_Manettino/,SRS Export/SRS Export/SRS_Tuner/RAD-0_Radio_Management_Introduction/,-1,Upstream,Low,Constraint,Optional system power consumption,Feature may contribute to overall energy consumption shown in Energy Manettino,Probable,Minor energy consumer
SRS Export/SRS Export/SRS_HMI Software/VFI-F164_Energy_Manettino/,SRS Export/SRS Export/SRS_Tuner/RAD-19_Radio_Text/,-1,Upstream,Low,Constraint,Optional system power consumption,Feature may contribute to overall energy consumption shown in Energy Manettino,Probable,Minor energy consumer
SRS Export/SRS Export/SRS_HMI Software/VFI-F164_Energy_Manettino/,SRS Export/SRS Export/SRS_Tuner/RAD-23_HD_Radio_OnOff/,-1,Upstream,Low,Constraint,Optional system power consumption,Feature may contribute to overall energy consumption shown in Energy Manettino,Probable,Minor energy consumer
SRS Export/SRS Export/SRS_HMI Software/VFI-F164_Energy_Manettino/,SRS Export/SRS Export/SRS_Tuner/RAD-24_HD_Radio_Blending/,-1,Upstream,Low,Constraint,Optional system power consumption,Feature may contribute to overall energy consumption shown in Energy Manettino,Probable,Minor energy consumer
SRS Export/SRS Export/SRS_HMI Software/VFI-F164_Energy_Manettino/,SRS Export/SRS Export/SRS_Tuner/RAD-25_HD_Radio_Only/,-1,Upstream,Low,Constraint,Optional system power consumption,Feature may contribute to overall energy consumption shown in Energy Manettino,Probable,Minor energy consumer
SRS Export/SRS Export/SRS_HMI Software/VFI-F164_Energy_Manettino/,SRS Export/SRS Export/SRS_Tuner/RAD-26_FM_HD_Radio_(MPSSPS)_Skip/,-1,Upstream,Low,Constraint,Optional system power consumption,Feature may contribute to overall energy consumption shown in Energy Manettino,Probable,Minor energy consumer
SRS Export/SRS Export/SRS_HMI Software/VFI-F164_Energy_Manettino/,SRS Export/SRS Export/SRS_Tuner/RAD-27_AM_HD_Radio_(MPS_only)_Skip/,-1,Upstream,Low,Constraint,Optional system power consumption,Feature may contribute to overall energy consumption shown in Energy Manettino,Probable,Minor energy consumer
SRS Export/SRS Export/SRS_HMI Software/VFI-F164_Energy_Manettino/,SRS Export/SRS Export/SRS_Tuner/RAD-28_HD_Radio_Service_lost/,-1,Upstream,Low,Constraint,Optional system power consumption,Feature may contribute to overall energy consumption shown in Energy Manettino,Probable,Minor energy consumer
SRS Export/SRS Export/SRS_HMI Software/VFI-F164_Energy_Manettino/,SRS Export/SRS Export/SRS_Tuner/RAD-29_HD_Radio_Station_metadata_(SISSIG)/,-1,Upstream,Low,Constraint,Optional system power consumption,Feature may contribute to overall energy consumption shown in Energy Manettino,Probable,Minor energy consumer
SRS Export/SRS Export/SRS_HMI Software/VFI-F164_Energy_Manettino/,SRS Export/SRS Export/SRS_Tuner/RAD-30_HD_Radio_Station_Indicator/,-1,Upstream,Low,Constraint,Optional system power consumption,Feature may contribute to overall energy consumption shown in Energy Manettino,Probable,Minor energy consumer
SRS Export/SRS Export/SRS_HMI Software/VFI-F164_Energy_Manettino/,SRS Export/SRS Export/SRS_Tuner/RAD-31_HD_Radio_SPS_channel/,-1,Upstream,Low,Constraint,Optional system power consumption,Feature may contribute to overall energy consumption shown in Energy Manettino,Probable,Minor energy consumer
SRS Export/SRS Export/SRS_HMI Software/VFI-F164_Energy_Manettino/,SRS Export/SRS Export/SRS_Tuner/RAD-32_HD_Radio_Artist_Experience/,-1,Upstream,Low,Constraint,Optional system power consumption,Feature may contribute to overall energy consumption shown in Energy Manettino,Probable,Minor energy consumer
SRS Export/SRS Export/SRS_HMI Software/VFI-F164_Energy_Manettino/,SRS Export/SRS Export/SRS_Tuner/RAD-33_HD_Radio_Ballgame_mode/,-1,Upstream,Low,Constraint,Optional system power consumption,Feature may contribute to overall energy consumption shown in Energy Manettino,Probable,Minor energy consumer
SRS Export/SRS Export/SRS_HMI Software/VFI-F164_Energy_Manettino/,SRS Export/SRS Export/SRS_Tuner/RAD-34_HD_Radio_PSDProgram_Info/,-1,Upstream,Low,Constraint,Optional system power consumption,Feature may contribute to overall energy consumption shown in Energy Manettino,Probable,Minor energy consumer
SRS Export/SRS Export/SRS_HMI Software/VFI-F164_Energy_Manettino/,SRS Export/SRS Export/SRS_Tuner/RAD-35_HD_Radio_Station_Seek_updown/,-1,Upstream,Low,Constraint,Optional system power consumption,Feature may contribute to overall energy consumption shown in Energy Manettino,Probable,Minor energy consumer
SRS Export/SRS Export/SRS_HMI Software/VFI-F164_Energy_Manettino/,SRS Export/SRS Export/SRS_Tuner/RAD-36_HD_Radio_Scan/,-1,Upstream,Low,Constraint,Optional system power consumption,Feature may contribute to overall energy consumption shown in Energy Manettino,Probable,Minor energy consumer
SRS Export/SRS Export/SRS_HMI Software/VFI-F164_Energy_Manettino/,SRS Export/SRS Export/SRS_Tuner/RAD-37_HD_Radio_Station_List/,-1,Upstream,Low,Constraint,Optional system power consumption,Feature may contribute to overall energy consumption shown in Energy Manettino,Probable,Minor energy consumer
SRS Export/SRS Export/SRS_HMI Software/VFI-F164_Energy_Manettino/,SRS Export/SRS Export/SRS_Tuner/RAD-52_Radio_OnOff/,-1,Upstream,Low,Constraint,Optional system power consumption,Feature may contribute to overall energy consumption shown in Energy Manettino,Probable,Minor energy consumer
